nconst	primaryName
nm0000005	Ingmar Bergman
nm0000019	Federico Fellini
nm0000033	Alfred Hitchcock
nm0000040	Stanley Kubrick
nm0000041	Akira Kurosawa
nm0000076	François Truffaut
nm0000080	Orson Welles
nm0000088	Aleksey Korenev
nm0000108	Luc Besson
nm0000114	Steve Buscemi
nm0000116	James Cameron
nm0000118	John Carpenter
nm0000122	Charles Chaplin
nm0000141	David Duchovny
nm0000149	Jodie Foster
nm0000154	Mel Gibson
nm0000158	Tom Hanks
nm0000165	Ron Howard
nm0000166	Helen Hunt
nm0000180	David Lean
nm0000184	George Lucas
nm0000229	Steven Spielberg
nm0000231	Oliver Stone
nm0000233	Quentin Tarantino
nm0000243	Denzel Washington
nm0000257	Alan Alda
nm0000276	Sean Astin
nm0000291	Angela Bassett
nm0000318	Tim Burton
nm0000320	Luis Buñuel
nm0000338	Francis Ford Coppola
nm0000361	Brian De Palma
nm0000373	Michael Dorn
nm0000406	John Ford
nm0000408	Jonathan Frakes
nm0000436	Curtis Hanson
nm0000466	Jean-Pierre Jeunet
nm0000484	John Landis
nm0000485	Fritz Lang
nm0000490	Spike Lee
nm0000500	Richard Linklater
nm0000513	William H. Macy
nm0000520	Michael Mann
nm0000536	Robert Duncan McNeill
nm0000570	Alan Parker
nm0000576	Sean Penn
nm0000581	Joseph L. Mankiewicz
nm0000583	Wolfgang Petersen
nm0000591	Roman Polanski
nm0000600	Sam Raimi
nm0000601	Harold Ramis
nm0000630	Liev Schreiber
nm0000631	Ridley Scott
nm0000655	Eric Stoltz
nm0000693	Peter Weller
nm0000694	Wim Wenders
nm0000697	Billy Wilder
nm0000705	Robin Wright
nm0000709	Robert Zemeckis
nm0000736	Robert Aldrich
nm0000739	Debbie Allen
nm0000750	Jon Amiel
nm0000759	Paul Thomas Anderson
nm0000774	Michelangelo Antonioni
nm0000777	Gregg Araki
nm0000814	John G. Avildsen
nm0000816	Jon Avnet
nm0000824	John Badham
nm0000867	Jason Bateman
nm0000870	Kathy Bates
nm0000905	Roberto Benigni
nm0000913	Robby Benson
nm0000953	Peter Bogdanovich
nm0000965	Danny Boyle
nm0000975	Robert Bresson
nm0000984	Avery Brooks
nm0000996	LeVar Burton
nm0001008	Frank Capra
nm0001047	Michael Cimino
nm0001070	Bill Cosby
nm0001081	Cameron Crowe
nm0001104	Frank Darabont
nm0001120	Vittorio De Sica
nm0001129	Jonathan Demme
nm0001149	Richard Donner
nm0001165	Charles S. Dutton
nm0001202	Rainer Werner Fassbinder
nm0001214	Mike Figgis
nm0001226	James Foley
nm0001232	Milos Forman
nm0001262	Ben Gazzara
nm0001274	Paul Michael Glaser
nm0001282	Tony Goldwyn
nm0001293	Seth Green
nm0001345	Jim Henson
nm0001348	Werner Herzog
nm0001351	George Roy Hill
nm0001353	Walter Hill
nm0001379	John Huston
nm0001392	Peter Jackson
nm0001408	Shekhar Kapur
nm0001415	Elia Kazan
nm0001425	Krzysztof Kieslowski
nm0001437	Emir Kusturica
nm0001438	Neil LaBute
nm0001446	Michael Landon
nm0001466	Sergio Leone
nm0001467	Jared Leto
nm0001486	Sidney Lumet
nm0001532	John McTiernan
nm0001554	Errol Morris
nm0001566	Mike Nichols
nm0001601	David Paymer
nm0001617	Lou Diamond Phillips
nm0001645	Serge Ladouceur
nm0001661	Rob Reiner
nm0001708	Joel Schumacher
nm0001710	David Schwimmer
nm0001726	Helen Shaver
nm0001741	Bryan Singer
nm0001752	Steven Soderbergh
nm0001770	Fisher Stevens
nm0001814	Gus Van Sant
nm0001837	Peter Weir
nm0001873	Steven Zaillian
nm0001874	Franco Zeffirelli
nm0002020	Costa-Gavras
nm0002031	Michael Curtiz
nm0002083	Carl Franklin
nm0002140	Agnieszka Holland
nm0002156	Tengiz Abuladze
nm0002160	Moustapha Akkad
nm0002190	Anthony Asquith
nm0002224	James Moll
nm0002233	Erich von Stroheim
nm0002377	Stephen Semel
nm0002399	Alik Sakharov
nm0002413	David Jackson
nm0002723	Renny Rye
nm0002726	Roger Young
nm0002728	Juan José Campanella
nm0002887	Alan Myerson
nm0002948	Costas Ferris
nm0002973	Lev L. Spiro
nm0003021	Chris McKay
nm0003022	Lee Rose
nm0003080	Rachel Talalay
nm0003150	Michael Katleman
nm0003163	Tucker Gates
nm0003167	Jace Alexander
nm0003226	Kenji Mizoguchi
nm0003398	Loni Peristere
nm0003403	Timothy Bond
nm0003408	Chris Marker
nm0003418	Rob Cohen
nm0003433	Carl Theodor Dreyer
nm0003447	Whitney Ransick
nm0003474	Troy Miller
nm0003482	Nash Edgerton
nm0003506	James Mangold
nm0003557	Richard J. Lewis
nm0003620	Kevin Smith
nm0003638	F.W. Murnau
nm0003697	Florian Henckel von Donnersmarck
nm0003733	Daniel Attias
nm0003802	Uta Briesewitz
nm0003880	Sam Hill
nm0003922	Michael Goi
nm0004105	Jay Sandrich
nm0004111	Mark Frost
nm0004152	Roel Reiné
nm0004223	Philip Sgriccia
nm0004234	Alfonso Gomez-Rejon
nm0004257	James R. Bagdonas
nm0004306	George Miller
nm0004517	Jason Alexander
nm0004554	Ben Hernandez Bray
nm0004555	Walter Murch
nm0004596	Steve Binder
nm0004627	Michael Lange
nm0004675	Phil Alden Robinson
nm0004678	Paul Maibaum
nm0004716	Darren Aronofsky
nm0004770	David Boreanaz
nm0004801	Nestor Carbonell
nm0004810	Chris Carter
nm0004883	Tate Donovan
nm0004959	Thomas Gibson
nm0005008	Brian Henson
nm0005022	Peter Horton
nm0005062	Chuck Jones
nm0005069	Spike Jonze
nm0005088	Joanna Kerns
nm0005093	Regina King
nm0005113	Eriq La Salle
nm0005116	Mary Lambert
nm0005124	John Lasseter
nm0005165	Chad Lowe
nm0005169	Natasha Lyonne
nm0005204	Paul McCrane
nm0005222	Sam Mendes
nm0005299	Sarah Paulson
nm0005316	Mary Kay Place
nm0005344	Joe Regalbuto
nm0005363	Guy Ritchie
nm0005390	Patricia Rozema
nm0005436	John Singleton
nm0005522	Mario Van Peebles
nm0005875	Newton Thomas Sigel
nm0006249	Satyajit Ray
nm0006371	Mehboob Khan
nm0006452	Stanley Kramer
nm0006487	Jim Sheridan
nm0006498	Majid Majidi
nm0006554	Rodrigo García
nm0006624	Bill Anderson
nm0006687	Jim Ramos Vickers
nm0006703	Zeki Ökten
nm0006837	Bill Melendez
nm0006919	Roger Christiansen
nm0006960	John Madden
nm0007096	Wendey Stanzler
nm0007181	Yash Chopra
nm0007439	Douglas Aarniokoski
nm0008150	Daoud Abdel Sayed
nm0008157	Ali Abdel-Khalek
nm0008408	Hisham Abed
nm0009190	J.J. Abrams
nm0010075	Jensen Ackles
nm0011876	Steven A. Adelson
nm0012682	Neil Affleck
nm0013878	Joe Ahearne
nm0014152	Humayun Ahmed
nm0015295	Zoya Akhtar
nm0015570	Orhan Aksoy
nm0020502	Eric Allen Bell
nm0021592	Michael A. Allowitz
nm0021772	Mairzee Almas
nm0021899	Michael Almereyda
nm0022412	Jon Alpert
nm0022828	Kevin Altieri
nm0023207	José Alvarenga Jr.
nm0023551	Abrar Alvi
nm0023761	Gilles Amado
nm0024912	Shimit Amin
nm0025127	John Amodeo
nm0025629	Vijay Anand
nm0025805	Rajiv Anchal
nm0025978	Allison Anders
nm0027051	Lance Anderson
nm0027413	Sarah Pia Anderson
nm0027572	Wes Anderson
nm0027974	Ivan Andonov
nm0027975	Metodi Andonov
nm0028226	George Andreas
nm0028270	Raffaele Andreassi
nm0028542	Tim Andrew
nm0028968	Radivoje Andric
nm0030735	Nimród Antal
nm0030791	Sathyan Anthikad
nm0031835	Yasunao Aoki
nm0031976	Judd Apatow
nm0035243	Andi Armaganian
nm0036349	Andrea Arnold
nm0036496	Jennifer Arnold
nm0037136	Guel Arraes
nm0037546	Pavel Arsyonov
nm0037708	Miguel Arteta
nm0039339	K. Asif
nm0041161	Philip G. Atwell
nm0044524	Mario Azzopardi
nm0045024	Temur Babluani
nm0045610	Frédéric Back
nm0045880	Péter Bacsó
nm0046172	Reza Badiyi
nm0046452	Carlos Baeza
nm0047425	Norma Bailey
nm0047971	Natuk Baytan
nm0048932	Simon Baker
nm0049335	K. Balachander
nm0050853	Erik Balling
nm0051166	Ali Taner Baltaci
nm0051466	James Bamford
nm0052059	Carol Banker
nm0052737	Amir Bar-Lev
nm0052897	Hinri Barakat
nm0053157	Norberto Barba
nm0054374	Richard L. Bare
nm0054402	Stanislaw Bareja
nm0054659	Alan Barillaro
nm0054677	Albert Barillé
nm0055194	Cory Barlog
nm0057106	David Barrett
nm0059493	Hal Barwood
nm0059556	Paolo Barzman
nm0059633	Tunç Basaran
nm0060230	Peter Bassett
nm0063279	Edward Bazalgette
nm0064593	Gabrielle Beaumont
nm0065442	Jacques Becker
nm0066218	Guy Norman Bee
nm0066582	Mark Beesley
nm0066584	Matt Earl Beesley
nm0066596	Charles Beeson
nm0066736	Morgan Beggs
nm0067090	John Behring
nm0068272	Jeffrey Bell
nm0068338	Kristen Bell
nm0068385	Martin Bell
nm0069074	Donald P. Bellisario
nm0069513	Laura Belsey
nm0069797	Edet Belzberg
nm0070594	Malik Bendjelloul
nm0071734	Edward Bennett
nm0075669	Robert Berlinger
nm0075724	Andy Berman
nm0076227	Gene Bernard
nm0076368	Raymond Bernard
nm0076558	Stéphane Bernasconi
nm0076997	Andrew Bernstein
nm0080107	Giannis Bezos
nm0080143	Bhadran
nm0080220	Sanjay Leela Bhansali
nm0080235	Vishal Bhardwaj
nm0080245	Bharathan
nm0080248	Santhana Bharathi
nm0080278	Vijay K. Bhaskar
nm0080315	Mahesh Bhatt
nm0080409	Deven Bhojani
nm0080601	Ed Bianchi
nm0080867	Abner Biberman
nm0081540	Susanne Bier
nm0082450	Paul Feig
nm0082802	Mike Binder
nm0083348	Brad Bird
nm0088121	Jeff Bleckner
nm0088372	Hugo Blick
nm0088971	Alan C. Blomquist
nm0089176	Jason Bloom
nm0089885	Michael C. Blundell
nm0090877	Richard Boden
nm0094083	Sergey Bondarchuk
nm0094288	Peter Bonerz
nm0094397	Michael Bonfiglio
nm0094435	Bong Joon Ho
nm0097541	Vladimir Bortko
nm0097899	Satyen Bose
nm0098400	Rick Bota
nm0099474	Chris Bould
nm0099552	Tassos Boulmetis
nm0100522	Laurent Bouzereau
nm0101304	Chuck Bowman
nm0101741	David Boyd
nm0101908	Sarah Boyd
nm0102434	Steve Boyum
nm0103785	Zach Braff
nm0104851	Charlotte Brändström
nm0106230	Kevin Bray
nm0106368	Scott Brazil
nm0109273	Dominic Brigstocke
nm0111391	Henry Bronchtein
nm0112253	Stanley M. Brooks
nm0113596	Garry A. Brown
nm0115751	Martin Bruestle
nm0116497	John Bruno
nm0116714	Steven Sprung
nm0118530	Marc Buckland
nm0118665	Norman Buckley
nm0118778	Colin Bucksey
nm0120576	Mark Bunting
nm0120983	Brigitte Burdine
nm0122140	Mark A. Burley
nm0123273	James Burrows
nm0124079	Timothy Busfield
nm0124571	Juan Bustillo Oro
nm0124991	Joshua Butler
nm0125904	Leonid Bykov
nm0127373	Louis C.K.
nm0130549	Marty Callner
nm0131700	Paul Cameron
nm0132671	Lisa Demaine
nm0133426	Mario Camus
nm0134176	Danny Cannon
nm0135529	Heather Cappiello
nm0135653	Ivo Caprino
nm0135864	Michael Caracciolo
nm0135952	Nae Caranfil
nm0136797	Steve Carell
nm0138620	Joe Carnahan
nm0138706	Charles Robert Carner
nm0138809	John Carney
nm0138893	Marcel Carné
nm0138927	Niki Caro
nm0139081	Benjamin Caron
nm0140764	Charles S. Carroll
nm0141222	David Carson
nm0141961	Thomas Carter
nm0146915	Tom Cavanagh
nm0148180	Jennifer Celotta
nm0148247	Martin Cendreda
nm0148252	Mark Cendrowski
nm0149134	Sinan Çetin
nm0149196	Nuri Bilge Ceylan
nm0149631	Youssef Chahine
nm0149803	Peter Chakos
nm0150024	Chip Chalmers
nm0151066	Peter Ho-Sun Chan
nm0151540	Jay Chandrasekhar
nm0151754	Kun Chang
nm0152650	Alex Chapple
nm0153078	Larry Charles
nm0153552	Rodney Charters
nm0153740	David Chase
nm0154079	Pete Chatmon
nm0154113	Basu Chatterjee
nm0154819	Jeremiah S. Chechik
nm0155117	Lee Shallat Chemel
nm0155280	Kaige Chen
nm0155855	David Cherkasskiy
nm0156013	Tom Cherones
nm0156838	Milan Cheylov
nm0157670	Colin Chilvers
nm0158054	Philip Chipera
nm0158523	Rezo Chkheidze
nm0158755	Dean Choe
nm0158966	Lisa Cholodenko
nm0159147	Aditya Chopra
nm0160666	Ivaylo Hristov
nm0161055	Grigoriy Chukhray
nm0161078	Christopher Chulack
nm0162979	Liviu Ciulei
nm0163988	Clark Gregg
nm0164407	Richard Clark
nm0165493	William F. Claxton
nm0166625	Graeme Clifford
nm0167241	Henri-Georges Clouzot
nm0167496	René Clément
nm0168988	Franklin Cofod
nm0169806	Taika Waititi
nm0170225	Nicholas Colasanto
nm0171197	Rob Coleman
nm0171315	John David Coles
nm0171348	Robert F. Colesberry
nm0171443	Nesli Çölgeçen
nm0172557	Misha Collins
nm0172733	Valeria Migliassi Collins
nm0175428	Kevin Connor
nm0176448	James A. Contner
nm0176702	James L. Conway
nm0178944	Nick Copus
nm0179697	Ericson Core
nm0180085	Rob Corn
nm0180891	Charles Correll
nm0184108	Mark Cousins
nm0184202	Eduardo Coutinho
nm0184729	Mark Cowen
nm0186505	Bryan Cranston
nm0188775	Kelly Cronin
nm0188871	Mackenzie Crook
nm0188929	Anton Cropper
nm0190597	Alexandra La Roche
nm0191147	Michael Cuesta
nm0193231	Adam Curtis
nm0193303	Dan Curtis
nm0193554	Vondie Curtis-Hall
nm0193681	Carlton Cuse
nm0193738	Henry Ian Cusick
nm0194299	Kellie Cyrus
nm0197636	Stephen Daldry
nm0197700	Holly Dale
nm0197703	J. Miles Dale
nm0198395	Robert Dalva
nm0198765	Damiano Damiani
nm0198991	Mel Damski
nm0199381	Georgiy Daneliya
nm0199948	Greg Daniels
nm0200380	Brian Dannelly
nm0200436	Cosima Dannoritzer
nm0201187	Attila Dargay
nm0202088	Jules Dassin
nm0203215	Adam Davidson
nm0204466	DeMane Davis
nm0204970	Kenneth Ian Davis
nm0205282	Peter Davis
nm0205749	Peter Davison
nm0205803	Mo Davoudian
nm0206816	Akitarô Daichi
nm0211523	Jean de Segonzac
nm0212027	Dana De Vally Piazza
nm0214320	Andy De Emmony
nm0214850	Neil DeGroot
nm0215299	Steven S. DeKnight
nm0218547	Zeki Demirkubuz
nm0219491	Kate Dennis
nm0221042	Caleb Deschanel
nm0221423	Brian Desmond Hurst
nm0222043	Howard Deutch
nm0224145	Denise Di Novi
nm0227139	John Dilworth
nm0227781	Michael Dinner
nm0229210	Aleksandar Djordjevic
nm0229260	Milo Djukanovic
nm0229694	David Dobkin
nm0230859	Xavier Dolan
nm0231596	Andrew Dominik
nm0233370	Gregory Doran
nm0233608	Alejandro Doria
nm0235799	Brett Dowler
nm0235852	Kevin Dowling
nm0236173	Dermott Downs
nm0236664	Mircea Dragan
nm0236729	Srdjan Dragojevic
nm0237208	Ljubomir Draskic
nm0238621	David Drury
nm0239063	Anselmo Duarte
nm0239287	Adam Dubin
nm0239298	Jay Dubin
nm0242271	Duwayne Dunham
nm0242658	Kevin Dunn
nm0244870	Guru Dutt
nm0247123	Bill Eagles
nm0247159	John Ealer
nm0247621	Allan Eastman
nm0249421	Ben Edlund
nm0250267	Paul A. Edwards
nm0250510	Jan Eelen
nm0251027	Ertem Egilmez
nm0251032	Eagle Egilsson
nm0251848	Randall Einhorn
nm0252135	Breck Eisner
nm0253531	Jan Eliasberg
nm0254178	Adam Elliot
nm0255028	Peter Ellis
nm0255081	Scott Ellis
nm0255334	Alison Ellwood
nm0256350	Ted Emery
nm0257992	Robert Enrico
nm0258066	Félix Enríquez Alcalá
nm0258405	Sheldon Epps
nm0258531	Rob Epstein
nm0258784	Yilmaz Erdogan
nm0258901	Mahinur Ergun
nm0259499	Metin Erksan
nm0259589	John Erman
nm0259847	James Erskine
nm0262210	Lukas Ettlin
nm0262678	David Evans
nm0263919	Scott Ewers
nm0264236	Richard Eyre
nm0265422	Kevin Fair
nm0265954	Ellen Gittelsohn
nm0266622	Rick Famuyiwa
nm0267244	Josef Fares
nm0267497	Julian Farino
nm0268380	Peter Farrelly
nm0269168	Christian Faure
nm0269463	Jon Favreau
nm0269502	John Fawcett
nm0269778	Fazil
nm0270990	Arne Feldhusen
nm0276317	Michael Fields
nm0277830	Kenneth Fink
nm0280541	Jim Fitzpatrick
nm0281598	Andrew Fleming
nm0283816	Anna Foerster
nm0284308	Sheree Folkson
nm0286715	Brent Forrester
nm0287933	Lilibet Foster
nm0288144	Alastair Fothergill
nm0289186	Paul Fox
nm0291082	Scott Frank
nm0291692	Steve Franks
nm0291808	Angelos Frantzis
nm0292419	James Frawley
nm0292468	David Frazee
nm0293989	Friz Freleng
nm0294457	Thor Freudenthal
nm0294505	Bart Freundlich
nm0294758	Martin Fric
nm0294825	Ron Fricke
nm0295107	Liz Friedlander
nm0295272	Kim Friedman
nm0296025	Ernie Fritz
nm0296360	Friedemann Fromm
nm0296945	Pamela Fryman
nm0297489	Zetna Fuentes
nm0298807	Antoine Fuqua
nm0299134	Jorge Furtado
nm0299173	Kazuhiro Furuhashi
nm0299236	David Fury
nm0299586	Zoltán Fábri
nm0301145	Leonid Gaidai
nm0302087	Eduard Galic
nm0302411	John Gallagher
nm0304091	Nisha Ganatra
nm0304098	Abel Gance
nm0304681	Alvin Ganzer
nm0305423	Ruben Garcia
nm0305557	Luis García Berlanga
nm0307497	Alex Garland
nm0307727	Kenneth Garner
nm0308376	Mick Garris
nm0309697	Tony Gatlif
nm0310449	Roberto Gavaldón
nm0311454	David Geddes
nm0313623	Terry George
nm0313745	Vasilis Georgiadis
nm0314230	William Gereghty
nm0314584	Pietro Germi
nm0314641	Christine Gernon
nm0314840	Michael Gershman
nm0315298	Jennifer Getzinger
nm0315384	Eric 'Giz' Gewirtz
nm0315842	Bahman Ghobadi
nm0317021	Jeffrey Lee Gibson
nm0317080	Laurieann Gibson
nm0317328	Coky Giedroyc
nm0317382	Billy Gierhart
nm0319328	Andrew Gillman
nm0319412	Vern Gillum
nm0320285	Marco Tullio Giordana
nm0320588	Bob Giraldi
nm0321922	Dan Glass
nm0322106	Jonathan Glassner
nm0322467	Tom Gleisner
nm0323758	Andy Goddard
nm0325128	Sandra Goldbacher
nm0325780	Gary B. Goldman
nm0325845	Mark Goldman
nm0326040	Akiva Goldsman
nm0326500	Kresimir Golik
nm0327064	Nick Gomez
nm0327273	Michel Gondry
nm0327944	Alejandro G. Iñárritu
nm0329535	R.W. Goodwin
nm0329634	Dan Goor
nm0329910	John Gordillo
nm0330687	Joseph Gordon-Levitt
nm0331166	Tommy Gormley
nm0332467	Peter Gould
nm0332740	Everardo Gout
nm0332892	Stanislav Govorukhin
nm0332950	Ashutosh Gowariker
nm0333060	David S. Goyer
nm0333705	Dominik Graf
nm0334353	William A. Graham
nm0334552	Nikos Grammatikos
nm0335337	Darren Grant
nm0335431	Hal Grant
nm0336241	Alex Graves
nm0336836	Milton Gray
nm0337675	Bruce Seth Green
nm0338576	Rob Greenberg
nm0339111	Rob Greenlea
nm0339264	David Greenwalt
nm0342970	Dave Grohl
nm0343898	Daniel Grou
nm0344955	Matti Grönberg
nm0345743	Tiago Guedes
nm0346550	Davis Guggenheim
nm0347720	Stere Gulea
nm0347728	Melih Gülgen
nm0347899	Gulzar
nm0348410	Michael Gunton
nm0350099	Patricio Guzmán
nm0352032	Kamal Haasan
nm0352778	Bill Hader
nm0353592	Piers Haggard
nm0354024	Charles Haid
nm0354091	Andrew Haigh
nm0355092	Geoffrey Haley
nm0355618	Grady Hall
nm0355910	Michael C. Hall
nm0356042	Robert Hall
nm0357143	Gary Halvorson
nm0359880	Cochin Hanifa
nm0361672	Kazuo Hara
nm0362686	Justin Hardy
nm0362734	Rob Hardy
nm0362738	Rod Hardy
nm0363030	T. Hariharan
nm0366004	Mary Harron
nm0366314	Harvey Hart
nm0367538	Grant Harvey
nm0368602	Matthew Hastings
nm0368688	Ali Hatami
nm0369949	James Hawes
nm0371059	Jamie Uys
nm0371348	James Hayman
nm0372222	Josh Heald
nm0373612	Richard T. Heffron
nm0375068	Mark Helfrich
nm0375973	Ralph Hemecker
nm0376006	Anthony Hemingway
nm0381116	Don Hertzfeldt
nm0382227	Douglas Heyes
nm0383603	Freddie Highmore
nm0385151	Bethany Rooney
nm0386246	Rajkumar Hirani
nm0386706	Leon Hirszman
nm0386780	Norm Hiscock
nm0387596	Jessica Hobbs
nm0387706	Gregory Hoblit
nm0388273	Joel Hodgson
nm0389972	Paul Holahan
nm0390103	Rod Holcomb
nm0390844	Todd Holland
nm0391207	Martin Hollis
nm0391905	Julian Holmes
nm0392237	Nicole Holofcener
nm0394280	Stephen Hopkins
nm0394586	Gwyneth Horder-Payton
nm0394954	Scott Hornbacher
nm0396074	Mamoru Hosoda
nm0398575	Jan Hrebejk
nm0399737	Reginald Hudlin
nm0400071	Manuel Huerga
nm0400441	Allen Hughes
nm0400486	Bronwen Hughes
nm0400850	Patrick Hughes
nm0401563	Hisko Hulsing
nm0402493	Jeffrey G. Hunt
nm0406220	Tim Iacofano
nm0406728	Kon Ichikawa
nm0410139	John Irvin
nm0411259	Morshedul Islam
nm0412350	Stephen Ives
nm0412539	Daiki Iwamoto
nm0412649	Leslie Iwerks
nm0413875	Mick Jackson
nm0414025	Sammy Jackson
nm0414498	Katie Jacobs
nm0416945	Steve James
nm0417386	Jandhyala
nm0418362	Jeffrey F. January
nm0418982	Julian Jarrold
nm0419485	Yorgos Tzavellas
nm0419627	Paul Jay
nm0420817	Dallas Jenkins
nm0420941	Patty Jenkins
nm0421675	Shelley Jensen
nm0422638	Wen Jiang
nm0423158	Harry Jierjian
nm0423333	Phil Joanou
nm0424594	Bill Johnson
nm0425593	Lamont Johnson
nm0429964	Gregor Jordan
nm0430485	Lal Jose
nm0430782	Joshiy
nm0431049	Dereck Joubert
nm0431918	Mike Judge
nm0433347	Audrius Juzenas
nm0433893	K.S. Ravikumar
nm0434298	Philipp Kadelbach
nm0434320	Amyn Kaderali
nm0434969	John Kahrs
nm0435030	Simon Kaijser
nm0435563	Mikhail Kalatozov
nm0437246	Adam Kane
nm0437249	J.H. Wyman
nm0437625	Je-kyu Kang
nm0438089	Aatish Kapadia
nm0438090	Asif Kapadia
nm0438279	Jonathan Kaplan
nm0440061	Dean Karr
nm0440267	Shaji N. Karun
nm0440269	A. Karunakaran
nm0440397	Mikhail Kozakov
nm0440458	Jake Kasdan
nm0440913	Mathieu Kassovitz
nm0441525	Dinos Katsouridis
nm0441899	David Katzenberg
nm0443153	Peter Kay
nm0443411	Tony Kaye
nm0444709	Elodie Keene
nm0445454	Márton Keleti
nm0445631	Frederick King Keller
nm0446232	Brian Kelly
nm0448588	J.M. Kenny
nm0448632	Ademir Kenovic
nm0448757	James Kent
nm0449868	Lodge Kerrigan
nm0449957	Glenn Kershaw
nm0449984	Irvin Kershner
nm0449989	Kevin Kerslake
nm0451257	Mansoor Khan
nm0452102	Abbas Kiarostami
nm0452129	Jefferson Kibbee
nm0453003	Maggie Kiley
nm0453889	Regis Kimble
nm0454660	Don Roy King
nm0454783	I. Marlene King
nm0456658	Mark Kirkland
nm0456699	Lyudmil Kirkov
nm0459425	Michael Klick
nm0459552	Elem Klimov
nm0460534	Brian Knappenberger
nm0460825	Bryan C. Knight
nm0462030	Masaki Kobayashi
nm0462277	Chris Koch
nm0463320	Shannon Kohli
nm0465289	Wade Konowalchuk
nm0465932	Barbara Kopple
nm0466153	Hirokazu Koreeda
nm0466689	Aaron Korsh
nm0467225	Peter Kosminsky
nm0467646	Ted Kotcheff
nm0467666	Marek Koterski
nm0468169	Dusan Kovacevic
nm0471392	Eric Kripke
nm0471452	Suresh Krishna
nm0471862	Allan Kroeker
nm0472937	Arvo Kruusement
nm0472954	Hajrudin Krvavac
nm0473614	Joseph D. Kucan
nm0473936	Kurt Kuenne
nm0474398	Nagesh Kukunoor
nm0474539	Buzz Kulik
nm0474955	Roger Kumble
nm0476201	Karyn Kusama
nm0477771	Seijirô Kôyama
nm0480807	Perry Lafferty
nm0481358	Ron Lagomarsino
nm0483738	Albert Lamorisse
nm0483828	Giovani Lampassi
nm0484464	Les Landau
nm0485637	Eric Laneuville
nm0486748	Simon Langton
nm0487351	Claude Lanzmann
nm0487567	James Lapine
nm0488684	Roger Larry
nm0490792	Peter Lauer
nm0491402	Hugh Laurie
nm0491496	Peter Lauritson
nm0492639	Bill Lawrence
nm0493778	Joe Lazarov
nm0494903	Anton Leader
nm0496521	Robert Lederman
nm0497115	David Lee
nm0497565	John H. Lee
nm0499215	Robert Legato
nm0499724	Michael Lehmann
nm0500399	Erik Leijonborg
nm0500444	Danny Leiner
nm0500552	Mitchell Leisen
nm0500610	David Leitch
nm0500896	David Leland
nm0501185	Michael Lembeck
nm0503598	Dan Lerner
nm0503777	Mervyn LeRoy
nm0504642	Louis Leterrier
nm0504716	Peter Leto
nm0505842	Jerry Levine
nm0506130	Emile B. Levisetti
nm0506613	Shawn Levy
nm0508883	Leslie Libman
nm0509183	Allison Liddi-Brown
nm0509425	Paul Lieberstein
nm0509448	Jonathan Liebesman
nm0510731	Doug Liman
nm0510912	Justin Lin
nm0513400	Tatyana Lioznova
nm0513792	Oldrich Lipský
nm0514278	Mike Listo
nm0515237	David Livingston
nm0515255	Jennie Livingston
nm0516266	Joe Lo Truglio
nm0516493	Victor Lobl
nm0518644	Richard Loncraine
nm0518719	Jerry London
nm0518910	Chris Long
nm0519308	Matthew Longfellow
nm0519481	Harry Longstreet
nm0521730	Robin Lough
nm0522634	Jeremy Lovering
nm0523932	Ernst Lubitsch
nm0524188	John Meredyth Lucas
nm0524248	Neil Lucas
nm0525785	Margot Lulick
nm0526946	Ida Lupino
nm0527099	John Lurie
nm0527261	Patrick Lussier
nm0528335	Jeffrey Lynch
nm0528337	Jennifer Lynch
nm0531066	Adrian Maben
nm0531453	John MacCarthy
nm0531751	Hettie Macdonald
nm0531817	Kevin Macdonald
nm0532235	Seth MacFarlane
nm0532683	Gabriel Macht
nm0533241	Alexander Mackendrick
nm0533414	Will Mackenzie
nm0534041	Lauren MacMullan
nm0534850	Omar Madha
nm0534869	K. Madhu
nm0535234	Ole Christian Madsen
nm0535340	Mahiro Maeda
nm0536818	Balu Mahendra
nm0536827	Brendan Maher
nm0538387	J.J. Makaro
nm0538614	Kelly Makin
nm0538744	Constantine Makris
nm0539034	Sibi Malayil
nm0539950	David Mallet
nm0540487	Nancy Malone
nm0541391	Milcho Manchevski
nm0541562	Gail Mancuso
nm0541635	David Mandel
nm0541677	Robert Mandel
nm0542498	Mahesh Manjrekar
nm0542568	Chris Manley
nm0542642	Ami Canaan Mann
nm0542960	Seith Mann
nm0543129	Kim Manners
nm0545763	Nick Marck
nm0546149	Manole Marcus
nm0546791	Jeff Margolis
nm0547616	Serban Marinescu
nm0547772	Frank Marino
nm0548533	Peter Markle
nm0548648	Goran Markovic
nm0549283	James Marlowe
nm0549658	Richard Marquand
nm0550931	James Marshall
nm0551076	Neil Marshall
nm0551358	Joshua Marston
nm0552092	Chuck Martin
nm0552140	Darnell Martin
nm0553235	Chris Martin-Jones
nm0556498	Igor Maslennikov
nm0558052	Terry Matalas
nm0558567	Michael Matheson
nm0558917	Clark Mathis
nm0559535	Leiji Matsumoto
nm0559877	John Mathew Matthan
nm0561879	Bradford May
nm0562266	John Maybury
nm0562709	Gregg Mayles
nm0564319	Jim McBride
nm0564970	Leo McCarey
nm0565336	Tom McCarthy
nm0567912	Michael McDonald
nm0568018	Stuart McDonald
nm0568390	Rob McElhenney
nm0569372	Scott McGinnis
nm0571727	Kevin McKidd
nm0571739	Tawnia McKiernan
nm0574765	David McWhirter
nm0575546	Don Medford
nm0575726	Juan Carlos Medina
nm0576491	Rajiv Mehra
nm0576529	Dariush Mehrjui
nm0576554	Hansal Mehta
nm0578483	Jean-Pierre Melville
nm0578757	Christopher Menaul
nm0579828	Vladimir Menshov
nm0582035	Marc Messenger
nm0583397	Turi Meyer
nm0584863	John Michel
nm0586277	Sándor Mihályfy
nm0587508	Louis Shaw Milito
nm0589106	Paul Miller
nm0589228	Robert Ellis Miller
nm0589284	Sam Miller
nm0590525	Mica Milosevic
nm0590790	Sergio Mimica-Gezzan
nm0590889	Daniel Minahan
nm0591994	Lexi Alexander
nm0592813	Vincent Misiano
nm0593576	Martha Mitchell
nm0594020	Zivorad 'Zika' Mitrovic
nm0594503	Hayao Miyazaki
nm0595136	Kevin Mock
nm0595657	John Moffitt
nm0597319	Peter Molyneux
nm0598102	Mario Monicelli
nm0598671	Shaun Monson
nm0599878	Patrick Montgomery
nm0601901	Steven Dean Moore
nm0602452	Andrew Morahan
nm0602616	Guillem Morales
nm0604587	Darin Morgan
nm0604688	Glen Morgan
nm0605479	Kôji Morimoto
nm0606439	Christopher Morris
nm0606845	Patrick R. Norris
nm0607185	Jennifer Morrison
nm0607701	Catherine Morshead
nm0607883	Marcus Mortimer
nm0609549	Greg Mottola
nm0610315	David Moxness
nm0611531	Hrishikesh Mukherjee
nm0611983	April Mullen
nm0612279	David Mullich
nm0612322	Robert Mulligan
nm0612720	Marc Munden
nm0613830	Dennis Muren
nm0613839	Mircea Muresan
nm0614013	James M. Muro
nm0614672	Ron Murphy
nm0614880	Charles Murray
nm0614975	Howard Murray
nm0616254	Gloria Muzio
nm0617588	Georges Méliès
nm0618284	Ray Müller
nm0618680	Jeffrey Nachmanoff
nm0619053	Shankar Nag
nm0619836	Babak Najafi
nm0621137	Joe Napolitano
nm0621540	Mikio Naruse
nm0622112	Vincenzo Natali
nm0622897	Guillermo Navarro
nm0623374	Eduard Nazarov
nm0623715	Mark Neale
nm0624423	Antonio Negret
nm0625065	Victor Nelli Jr.
nm0625243	Christopher Nelson
nm0625680	Ralph Nelson
nm0626706	Daniel Nettheim
nm0627950	John Newland
nm0628599	Teddy Newton
nm0629152	Viet Nguyen
nm0629334	McG
nm0630197	Sergiu Nicolaescu
nm0630524	Greg Nicotero
nm0631539	Govind Nihalani
nm0632382	Adam Nimoy
nm0632763	Satoshi Nishimura
nm0633818	Matt Nodella
nm0634240	Christopher Nolan
nm0634300	Jonathan Nolan
nm0634602	Tetsuya Nomura
nm0635956	Yuri Norstein
nm0636675	Jehane Noujaim
nm0637458	Cherie Nowlan
nm0637497	Marti Noxon
nm0637518	Phillip Noyce
nm0637837	Toni Wurts
nm0638679	Kristoffer Nyholm
nm0639994	Matt O'Casey
nm0640334	Gavin O'Connor
nm0640964	Peter O'Fallon
nm0641343	Terrence O'Hara
nm0644397	Michael Offer
nm0644406	Nick Offerman
nm0645574	Steven Okazaki
nm0646440	Ken Olin
nm0646515	Jay Oliva
nm0648464	Takahiro Ômori
nm0648870	Eiji Aonuma
nm0649096	Marcel Ophüls
nm0649117	Niels Arden Oplev
nm0649405	Ergin Orbey
nm0650304	Edward Ornelas
nm0651706	Mark Osborne
nm0652443	Arsen A. Ostojic
nm0652951	Naohito Takahashi
nm0654622	Yasuyuki Oyagi
nm0654868	Yasujirô Ozu
nm0655683	José Padilha
nm0655802	P. Padmarajan
nm0657372	Mark Palansky
nm0657763	Daniel Palladino
nm0658823	Jake Paltrow
nm0661238	Andrij Parekh
nm0661751	Dean Parisot
nm0661791	Chan-wook Park
nm0661910	Nick Park
nm0662971	Kevin Parks
nm0663577	Robert Parrish
nm0664009	Adam Parton
nm0664515	Marty Pasetta
nm0664607	Goran Paskaljevic
nm0665374	Jabbar Patel
nm0666274	John Patterson
nm0667469	Frank Paur
nm0667650	Frank Pavich
nm0668350	Jamie Payne
nm0668610	Alexey Pazhitnov
nm0671957	Arthur Penn
nm0671992	Matthew Penn
nm0672562	Chris Peppe
nm0672769	Stacy Peralta
nm0672873	Daniel Percival
nm0675442	Raymond S. Persi
nm0675607	Johan Persson
nm0675894	P.J. Pesce
nm0677880	Elio Petri
nm0678154	Aleksandr Petrov
nm0678928	Joseph Pevney
nm0679662	Jennifer Phang
nm0679764	Tony Phelan
nm0680846	Todd Phillips
nm0683165	Tapio Piirainen
nm0683478	Alex Pillai
nm0683682	Mario Piluso
nm0684336	Steve Pink
nm0684596	Lucian Pintilie
nm0685957	Montgomery Pittman
nm0686388	Greg Plageman
nm0686853	David Platt
nm0687096	Julie Plec
nm0687238	Stefan Pleszczynski
nm0688132	Amy Poehler
nm0688636	Laura Poitras
nm0689081	Stephen Poliakoff
nm0689852	John Polson
nm0690597	Gillo Pontecorvo
nm0691367	Vladimir Popov
nm0692675	Stephen L. Posey
nm0695219	Gregory Prange
nm0696059	Laura Prepon
nm0696300	Ellen S. Pressman
nm0697074	Noel Price
nm0697102	R.D. Price
nm0697532	Stephen Prime
nm0698184	Priyadarshan
nm0698983	Patia Prouty
nm0700158	Milivoj Puhlovski
nm0701650	György Pálfi
nm0703400	Bernard Queysanne
nm0704173	Javier Quintas
nm0705779	Eric Radomski
nm0708981	David Ramsey
nm0710563	Kamalakara Kameshwara Rao
nm0710568	Krishna Rao
nm0711696	Tina Rathborne
nm0711745	Mani Ratnam
nm0711840	Brett Ratner
nm0714762	Kadiri Venkata Reddy
nm0715346	Carol Reed
nm0715636	Peyton Reed
nm0716585	Godfrey Reggio
nm0717154	Alastair Reid
nm0717155	Alex Reid
nm0717225	Daina Reid
nm0718031	Al Reinert
nm0718646	Jason Reitman
nm0718671	Edgar Reitz
nm0719307	Johan Renck
nm0719756	Jean Renoir
nm0719886	Nicholas Renton
nm0719952	Rob Renzetti
nm0720297	Alain Resnais
nm0721707	Emer Reynolds
nm0722629	Matthew Rhys
nm0722969	Mario Ribero Ferreira
nm0723597	Anthony Rich
nm0724047	David Richards
nm0724724	Peter Richardson
nm0724757	Salli Richardson-Whitfield
nm0726638	Patricia Riggen
nm0728271	Dino Risi
nm0730500	Mike Robe
nm0733227	Michael Robison
nm0734442	James Roday
nm0735416	Manny Rodriguez
nm0735484	Rebecca Rodriguez
nm0736200	Bill Roe
nm0736392	Larry Roemer
nm0736821	David Rogers
nm0739450	John Romero
nm0739677	Mikhail Romm
nm0742341	Stuart Rosenberg
nm0742819	Rick Rosenthal
nm0743164	Craig Ross Jr.
nm0744023	Roberto Rossellini
nm0744612	Stanislav Rostotskiy
nm0746950	Bimal Roy
nm0748142	Peter Mitchell Rubin
nm0750600	Michael Ruscio
nm0750691	Marvin V. Rush
nm0750913	Tim Russ
nm0751080	Chuck Russell
nm0752922	Eldar Ryazanov
nm0755254	Morgan Sackett
nm0755963	Boris Sagal
nm0755997	Ramanand Sagar
nm0756983	Hironobu Sakaguchi
nm0757157	Alekos Sakellarios
nm0757313	Hiroaki Sakurai
nm0757340	Masahiro Sakurai
nm0757975	Tarik Saleh
nm0759662	Shakti Samanta
nm0759685	Ljubisa Samardzic
nm0759950	Ian Samoil
nm0761522	Denis Sanders
nm0762191	Nick Sandow
nm0762541	Arlene Sanford
nm0764275	Steven J. Santos
nm0764316	Rajkumar Santoshi
nm0764776	Deran Sarafian
nm0764781	Richard C. Sarafian
nm0765121	Joseph Sargent
nm0765873	I.V. Sasi
nm0766129	Frank Satenstein
nm0766349	Michael E. Satrazemis
nm0767697	Philip Saville
nm0768957	Claire Scanlon
nm0769135	Don Scardino
nm0769796	Tim Schafer
nm0770474	Robert Scheerer
nm0771673	Rob Schiller
nm0775056	Maria Schrader
nm0775358	Christoph Schrewe
nm0775447	Barbet Schroeder
nm0776317	Michael Schultz
nm0776838	Harold D. Schuster
nm0777564	Florian Schwarz
nm0777881	Robert Schwentke
nm0778633	Ettore Scola
nm0778772	Swinton O. Scott III
nm0779350	John Scott
nm0779641	Oz Scott
nm0779830	T.J. Scott
nm0780825	Carl Seaton
nm0780866	Chris Seavor
nm0780922	Dick Sebast
nm0781477	Paul Seed
nm0781769	Douglas Segal
nm0781842	Peter Segal
nm0782739	Michael Seitzman
nm0784198	Ralph Senensky
nm0785877	Aleksandr Sery
nm0787453	Kundan Shah
nm0788048	Ken Shane
nm0788171	S. Shankar
nm0788391	Shantaram Rajaram Vankudre
nm0788610	Paul Shapiro
nm0790321	Michael J. Shea
nm0791027	James Sheldon
nm0791381	Millicent Shelton
nm0791542	Eldar Shengelaia
nm0791899	Larisa Shepitko
nm0792263	Taylor Sheridan
nm0793062	John Shiban
nm0793423	Hiromasa Shikata
nm0793455	Steve Shill
nm0793827	Patty Shinagawa
nm0793881	Kaneto Shindô
nm0794914	David Shore
nm0795223	Geoffrey Wing Shotz
nm0795288	John F. Showalter
nm0796073	Mikhail Shvejtser
nm0796117	M. Night Shyamalan
nm0796361	Harald Sicheritz
nm0796864	Marcos Siega
nm0797136	Charlotte Sieling
nm0797672	Slobodan Sijan
nm0797928	Jeremy Silberston
nm0798809	Tony Silver
nm0799033	Elliot Silverstein
nm0800376	Sam Simon
nm0801870	Singeetam Srinivasa Rao
nm0801883	Alexander Singer
nm0802033	Robert Singer
nm0802377	Tapan Sinha
nm0802693	Ramesh Sippy
nm0803203	Rob Sitch
nm0803350	Sangeeth Sivan
nm0803705	Victor Sjöström
nm0805476	John Slattery
nm0805690	Mike Slee
nm0806914	Alec Smight
nm0806915	Jack Smight
nm0807932	Dennis Smith
nm0808376	Gregory Smith
nm0812307	Peter Sohn
nm0813313	David Solomon
nm0813812	Ian Somerhalder
nm0814081	Paul M. Sommers
nm0814716	Ömer Faruk Sorak
nm0815204	Paolo Sorrentino
nm0815638	Zdravko Sotra
nm0817620	Richard Speight Jr.
nm0818237	Rob Spera
nm0818465	Bryan Spicer
nm0818785	Michael Spiller
nm0819083	Minkie Spiro
nm0819487	Frank Spotnitz
nm0820208	Sreenivasan
nm0820266	Sripriya
nm0820269	P.C. Sreeram
nm0821552	Ludmil Staikov
nm0821844	Daniel Stamm
nm0821917	Tim Stamper
nm0822101	Glenn Standring
nm0823814	Alisa Statman
nm0824220	Peter Stebbings
nm0825506	Jeff Stein
nm0825731	David Steinberg
nm0826817	Boris Stepantsev
nm0828720	Robert Stevens
nm0829717	Paul Stewart
nm0831207	Gorcin Stojanovic
nm0832927	Garreth Stover
nm0833191	David Straiton
nm0834168	Janis Streics
nm0834378	John Strickland
nm0836328	John Sturges
nm0837977	Brett Sullivan
nm0838195	Kevin Sullivan
nm0840905	Jan Svankmajer
nm0841918	Jyoti Swaroop
nm0842339	Doug Sweetland
nm0842664	Saul Swimmer
nm0842830	Michael Switzer
nm0843281	Abe Sylvia
nm0844896	Eduardo Sánchez
nm0845525	Walter Söderlund
nm0846092	Kamal Tabrizi
nm0846700	Iraj Tahmasb
nm0846969	Satoshi Tajiri
nm0847223	Isao Takahata
nm0847591	Atsushi Takeuchi
nm0847829	Jigar Talati
nm0848414	Lee Tamahori
nm0849236	Brad Tanenbaum
nm0849314	Margaret Tang
nm0849416	Nikola Tanhofer
nm0850102	Amanda Tapping
nm0850701	Peter Tarshis
nm0851930	Alan Taylor
nm0852389	Gavin Taylor
nm0853053	Richard Taylor
nm0853238	Tate Taylor
nm0854248	Bora Tekay
nm0855035	Andy Tennant
nm0855300	Jonathan Teplitzky
nm0855681	Béla Ternovszky
nm0856267	Hiroshi Teshigahara
nm0859311	Oliver Thomas
nm0859432	Rob Thomas
nm0862504	Fen Tian
nm0862605	Kartal Tibet
nm0863387	George Tillman Jr.
nm0863622	Bruce Timm
nm0863990	Mark Tinker
nm0864268	Romeo Tirone
nm0864789	Tony To
nm0864936	J. Miller Tobin
nm0865837	Michael Tolajian
nm0867127	Mark Tonderai
nm0868153	Giuseppe Tornatore
nm0868219	Guillermo del Toro
nm0869664	Jacques Tourneur
nm0870295	Frederick E.O. Toye
nm0870306	Ian Toynton
nm0870469	Dan Trachtenberg
nm0872442	Jesús Salvador Treviño
nm0872841	Michael Trim
nm0874133	Keith Truesdell
nm0874716	Andrew Tsao
nm0877078	Yavuz Turgul
nm0877427	Brad Turner
nm0878756	Tom Tykwer
nm0878763	Morten Tyldum
nm0878768	Aisha Tyler
nm0879889	Leslee Udwin
nm0881038	Ron Underwood
nm0881279	Lee Unkrich
nm0881391	Paul Unwin
nm0881759	Rocco Urbisci
nm0882032	Feargus Urquhart
nm0882203	Zaza Urushadze
nm0884218	Diana Valentine
nm0888585	Florestano Vancini
nm0889943	Ömer Vargi
nm0892144	Michael Vejar
nm0892264	Diego Velasco
nm0892612	François Velle
nm0893099	Thanasis Vengos
nm0894166	Gordon Verheul
nm0894916	Pascal Verschooris
nm0895048	Dziga Vertov
nm0896542	King Vidor
nm0898288	Denis Villeneuve
nm0899121	Thomas Vinterberg
nm0899364	Clement Virgo
nm0899485	Marshall Virtue
nm0899581	Luchino Visconti
nm0899649	K. Viswanath
nm0900712	Frantisek Vlácil
nm0901346	Jani Volanen
nm0901404	Nikolay Volev
nm0902939	Daisy von Scherler Mayer
nm0903474	Václav Vorlícek
nm0904169	Maja Vrvilo
nm0905579	Michael Wadleigh
nm0909098	Herb Wallerstein
nm0909568	Bradley Walsh
nm0909608	Dearbhla Walsh
nm0909825	Raoul Walsh
nm0910822	Jerry Wanek
nm0912272	William Waring
nm0913143	David Warry-Smith
nm0913587	Paul Wesley
nm0914368	Michael W. Watkins
nm0914386	Peter Watkins
nm0914433	Colin Watkinson
nm0915400	Michael Waxman
nm0915416	Ashley Way
nm0918923	Ben Weiss
nm0919514	Bo Welch
nm0920017	Peter Wellington
nm0920274	John Wells
nm0920950	Jude Weng
nm0921464	Peter Werner
nm0922035	Dominic West
nm0922162	Jonathan West
nm0923396	Andrew D. Weyman
nm0923423	Tara Nicole Weyr
nm0923571	Tony Wharmby
nm0923768	Anne Wheeler
nm0924352	Tim Whitby
nm0924901	Jack White
nm0925026	Joshua White
nm0925441	Scott White
nm0926911	Nick Wickham
nm0927042	James Widdoes
nm0927445	Robert Wiemer
nm0927468	Robert Wiene
nm0927866	Mary Wigmore
nm0929317	Toby Wilkins
nm0930041	Anson Williams
nm0932882	Paul Wilmshurst
nm0933312	Don Wilson
nm0933988	Rainn Wilson
nm0934525	Scott Winant
nm0934578	Simon Wincer
nm0934663	Kristin Windell
nm0934664	Terry Windell
nm0934864	Jason Winer
nm0935636	Ron Winston
nm0936482	Len Wiseman
nm0937306	Bille Woodruff
nm0938490	Andy Wolk
nm0939128	James Wong
nm0939182	Kar-Wai Wong
nm0939869	Martin Wood
nm0940668	Kate Woods
nm0940774	Rowan Woods
nm0941276	Jeff Woolnough
nm0942367	Edgar Wright
nm0942504	Joe Wright
nm0942928	Will Wright
nm0943758	William Wyler
nm0945282	Yôji Yamada
nm0945674	Shigeyasu Yamauchi
nm0945981	Edward Yang
nm0946391	Jean Yarbrough
nm0946475	Claudia Yarmy
nm0946734	David Yates
nm0946849	Thomas Yatsko
nm0946888	Adam Yauch
nm0947998	Atif Yilmaz
nm0948000	Cem Yilmaz
nm0950361	Nasiruddin Yousuff
nm0950506	Jessica Yu
nm0950819	James Yukich
nm0952272	Mark Zakharov
nm0952352	Alex Zakrzewski
nm0954713	Borivoj Zeman
nm0955167	Dan Zethraeus
nm0955443	Yimou Zhang
nm0956890	Thom Zimny
nm0957198	Randy Zisk
nm0957505	Craig Zobel
nm0958449	Steve Zuckerman
nm0961594	Sharat Raju
nm0962378	Jeff Richmond
nm0962729	Brian Taylor
nm0962849	Maggie Carey
nm0963023	Matt Mariska
nm0967692	Ivan Zivkovic
nm0975026	Nicole Kassell
nm0975264	John M. Valerio
nm0975333	Lawrence Jordan
nm0994368	Magnus Martens
nm0995597	Christian Taylor
nm0998582	Warren Spector
nm0998825	Jeffrey Blitz
nm0999516	Hiroyuki Itô
nm10115435	Ryan Smith
nm10193854	Duncan McMath
nm10201503	Jun-Soo Park
nm10246130	Navarasan
nm10365311	Ratheesh Balakrishnan Poduval
nm10558177	Anindo Banerjee
nm10633987	Swaroop Rsj
nm1064441	Nicholas S. Carpenter
nm10829550	Venkat Ramji
nm10979745	Julian Jewel
nm11065997	Ashwath Marimuthu
nm11108345	K.S. Ashoka
nm11211441	Cheol Min
nm11215129	Ritesh Rana
nm11411263	Oni Sen
nm1157048	Zachary Levi
nm1160495	Kevin Tancharoen
nm1164861	Seth Gordon
nm1167933	Damián Szifron
nm1167962	Takeo Takahashi
nm1168049	Vassilis Thomopoulos
nm1170249	Bruno Collet
nm1171596	Alejandro Bazzano
nm1176676	Kurt Sutter
nm1177704	Takao Shimizu
nm1181881	Tareque Masud
nm1185184	Rasmus Højengaard
nm1189565	Zach Hanks
nm1199271	Steve Fukuda
nm1201539	Brian Lockwood
nm1204234	Santosh Singh
nm1204760	Kevin Alejandro
nm1206844	Drew Goddard
nm1207904	Samuel Bayer
nm1209756	Mario Galardo
nm1210138	Marcus Lehto
nm1214637	Christian Ulmen
nm1220140	James Watkins
nm1220246	Bala
nm1223381	Andrés Baiz
nm1223910	Sujoy Ghosh
nm1224879	Pradeep Sarkar
nm1225956	Jeremy Konner
nm1226492	Michael Smith
nm1229177	Tim Van Someren
nm1233600	Shôsuke Murakami
nm1234893	Sylvain White
nm1236625	Martin Gero
nm1237416	S.J. Clarkson
nm1238441	Osamu Nabeshima
nm1242054	James Ponsoldt
nm1243057	Ed Fraiman
nm1259417	John J. Gray
nm1259871	John Crowley
nm1263939	Danielle Panabaker
nm1264352	Susanna White
nm1266701	Charlie Palmer
nm1267033	Yusuke Shiraiwa
nm1270350	Larry Teng
nm1270490	Daniel Vávra
nm1273063	Craig Siebels
nm1277874	Robin Walker
nm1279638	Noah Hawley
nm1280672	Nancy Oliver
nm1284414	Aleksey Sidorov
nm1285613	Andrew Jarecki
nm1285615	Jonathan Karsh
nm1286069	Steven K. Tsuchida
nm1288766	Phil Traill
nm1288934	Jet Wilkinson
nm1290515	Antonio Campos
nm1291105	J.A. Bayona
nm1292934	Atte Järvinen
nm1301113	Tara Miele
nm1302735	Max Thieriot
nm1304857	Edmund Fong
nm1309090	Chris Robinson
nm1317262	Jim O'Hanlon
nm1317665	David Cage
nm1318897	Annabelle K. Frost
nm1319197	Mamoru Kanbe
nm1319671	Gerardo Naranjo
nm1321658	Michael Schur
nm1322753	Sam Esmail
nm1326093	James Strong
nm1326535	Sundar C.
nm1335875	Sukumar
nm1337739	Mark Seliga
nm1339400	Philippa Lowthorpe
nm1347708	Jakob Verbruggen
nm1349376	Francis Lawrence
nm1353167	Philip John
nm1356268	Gideon Raff
nm1356588	Stefano Sollima
nm1360270	Ben McKenzie
nm1363250	Gabriela Cowperthwaite
nm1363374	Chandra Prakash Dwivedi
nm1364162	Mark Nunneley
nm1365879	Morgan Neville
nm1366756	Paul DeNigris
nm1371075	Goran Kapetanovic
nm1371724	Randy Pitchford
nm1375363	Dong-hyuk Hwang
nm1375773	Jens Matthies
nm1391682	Rohan Sippy
nm1392007	Marisol Adler
nm1392994	Amma Asante
nm1393914	Hideaki Itsuno
nm1396104	Anthony Byrne
nm1396121	Makoto Shinkai
nm1397301	Anurag Basu
nm1400430	Hideki Kamiya
nm1401833	Ray Claffey
nm1408102	Sally Thomson
nm1409622	Hae-jun Lee
nm1410815	Asghar Farhadi
nm1411676	Mindy Kaling
nm1416352	Richie Mehta
nm1417119	Ameer Sultan
nm1417392	Adam Wingard
nm1420031	Kyle Dunlevy
nm1421754	K. Selvaraghavan
nm1429158	Kazuhide Nakazawa
nm1430969	Arun Kumar
nm1432739	Hirokazu Yasuhara
nm1432743	Masaharu Yoshii
nm1435062	Cherien Dabis
nm1435438	Augustine Frizzell
nm1436693	A.R. Murugadoss
nm1437189	Sriram Raghavan
nm1439508	Bryan Francis
nm1440314	Paul Andrew Williams
nm1441566	Marwan Hamed
nm1442514	S.S. Rajamouli
nm1445544	Colin Heck
nm1450065	Neasa Hardiman
nm1450823	Shinta Nojiri
nm1453537	John Fitzpatrick
nm1455688	Julie Anne Robinson
nm1463981	Çagan Irmak
nm1469191	Tim Kirkby
nm1469403	Nelson Cragg
nm1472469	Luke Del Tredici
nm1475260	Balaji Sakthivel
nm1484791	Joshua Oppenheimer
nm1488618	Alice Troughton
nm1488800	Ti West
nm1497918	Andrew Douglas
nm1498085	Ian Dallas
nm1500124	M. Padmakumar
nm1500577	Jake Schreier
nm1501183	Christian Gossett
nm1502100	Noah Hughes
nm1504630	Siddartha Basu
nm1516991	Rajan Waghdhare
nm1518150	Mike Stoklasa
nm1520649	Alan Yang
nm1530431	Philip Martin
nm1530433	Todd Douglas Miller
nm1533705	Fred Goss
nm1543747	Reed Morano
nm1546548	Martin Williams
nm1547859	Kyle Patrick Alvarez
nm1547964	Richard Ayoade
nm1551787	Magnús Scheving
nm1554601	Ezra Edelman
nm1556320	Katie Cassidy
nm1560977	Cary Joji Fukunaga
nm1565498	Justin Anderson
nm1576477	Yoko Taro
nm1580911	Brian Baumgartner
nm1582846	Sara Taksler
nm1587079	Richard Senior
nm1595299	Dusan Lazarevic
nm1596678	Keiichiro Toyama
nm1600811	Osvaldo Cavandoli
nm1619542	Cortney Carrillo
nm1622280	David McNab
nm1622441	Brett Harvey
nm1626679	Toru Hagihara
nm1628205	Joanna Sarsby
nm1629105	Joel Novoa
nm1633071	Per-Olav Sørensen
nm1636420	Josh Richards
nm1636695	Byoung-hoon Lee
nm1637474	Jamie Travis
nm1637768	Jim Field Smith
nm1637821	Daniel O'Hara
nm1640038	Dan Tanguay
nm1642908	Catriona McKenzie
nm1644484	Arunas Matelis
nm1645962	Russell Barnes
nm1646022	Craig William Macneill
nm1656848	Bosco Ng
nm1659907	Toby Gard
nm1661334	Amat Escalante
nm1672017	Minh Le
nm1676223	Akiva Schaffer
nm1680229	Yograj Bhat
nm1680304	Sandeep Sawant
nm1685611	Ian Graham
nm1686028	Ken Levine
nm1694869	Andrew Ruse
nm1694905	Matthew Samia
nm1701024	Nadine Labaki
nm1702188	Anne Walker Farrell
nm1710152	Neil Huxley
nm1713913	Ryan White
nm1719186	Silver Tree
nm1720336	Blessy
nm1720541	David Slade
nm1721084	Brendan McNamara
nm1723225	Nishikant Kamat
nm1728099	Eric Wareheim
nm1729063	Mert Baykal
nm1729212	Kerwin Silfies
nm1732981	Martin McDonagh
nm1734368	Christine Moore
nm1738082	Dani de la Orden
nm1740015	Amanda Row
nm1744021	Vinay Waikul
nm1747196	Greg Malone
nm1748983	Mark Pacini
nm1754430	Yavar Abbas
nm1760721	Uluç Bayraktar
nm1764630	David Schalko
nm1767218	Lee Toland Krieger
nm1776242	Salim Ahmed
nm1777967	A.L. Vijay
nm1779872	Yukihiro Matsushita
nm1780037	Céline Sciamma
nm1782844	Amr Salama
nm1787884	Cassie Jaye
nm1789501	Greg Whiteley
nm1803557	Ethan Shaftel
nm1814182	Mike George
nm1818096	Theo Papadoulakis
nm1823803	Tanel Toom
nm1834409	Soo-Won Jo
nm1839981	Mattias Löw
nm1840195	Koldo Serra
nm1847738	Ari Sandel
nm1856787	Rajesh Pillai
nm1866268	Ian Jones-Quartey
nm1871590	Jed Whedon
nm1879225	Farren Blackburn
nm1879589	Nelson McCormick
nm1884278	Ryan Case
nm1885707	Michel Ancel
nm1890556	Casey Hudson
nm1891632	Janicza Bravo
nm1894520	Trivikram Srinivas
nm1896734	Craig Hubbard
nm1901908	Scott Uhlfelder
nm1907554	Kaushik Ganguly
nm1908892	Steve Saint Leger
nm1910751	Yoshio Sakamoto
nm1911624	Milos Avramovic
nm1912959	Payman Benz
nm1923369	Chandra Sekhar Yeleti
nm1926903	Eric Appel
nm1926923	Jeff T. Thomas
nm1927896	Steve Pearlman
nm1930518	Olivier Treiner
nm1937470	Todd Howard
nm1941432	Akira Nishimura
nm1941705	Bahadir Ince
nm1943168	Clay Tweel
nm1960322	Nick Murphy
nm1962192	Upendra
nm1962313	Dibakar Banerjee
nm1964631	Fumito Ueda
nm1971582	Hyeong-min Lee
nm1978089	Alexandre Amancio
nm1980806	Matthew Weiner
nm1989536	Marc Webb
nm1995152	Tomasz Sekielski
nm2007278	Jeremy Webb
nm2016145	Alex Kalymnios
nm2018460	Cevat Yerli
nm2019707	Yoshinobu Yamakawa
nm2021516	Jake Szymanski
nm2027419	Melina Matsoukas
nm2029171	Øystein Karlsen
nm2033604	Hiro Murai
nm2035886	Drake Doremus
nm2038042	Kristóf Deák
nm2054480	LP
nm2057169	Anwar Rasheed
nm2057224	Hajime Tabata
nm2059798	Josh Drisko
nm2073620	Jesse Vile
nm2083477	Giancarlo Volpe
nm2083785	Jesús Cobo
nm2085752	Jabbar Raisani
nm2090486	Josh Sawyer
nm2092965	John Chester
nm2094436	Trent O'Donnell
nm2101256	Marius A. Markevicius
nm2105585	Tobias Lindholm
nm2106637	Aziz Ansari
nm2108003	Gregory Colbert
nm2114094	Nina Kristensen
nm2116358	Mehran Modiri
nm2119365	Brent E. Huffman
nm2121112	Lorna Davis
nm2129029	Mark Lewis
nm2129610	Josef Kubota Wladyka
nm2134474	Vikas Bahl
nm2138009	Jason Jones
nm2139803	Tim Mielants
nm2142682	Huw Cordey
nm2146031	Rob McGann
nm2146854	Michael E. Simpson
nm2152365	Les Stroud
nm2153361	Kyoo-tae Kim
nm2161247	Paco Cabezas
nm2161371	Mayank Sharma
nm2165614	Rashaad Ernesto Green
nm2165634	Ravi Jadhav
nm2166088	Koushi Nakanishi
nm2171633	Baran bo Odar
nm2173795	Dan Tudge
nm2177723	Steward Lee
nm2197025	Deniz Gamze Ergüven
nm2210720	Naoko Yamada
nm2214628	Melissa Bernstein
nm2223412	Joel Knoernschild
nm2239581	Gabriel Ripstein
nm2244239	Craig Viveiros
nm2254920	Dan Eckman
nm2257147	Stevan Riley
nm2259800	Yui Tanimura
nm2262138	Sarah Adina Smith
nm2267086	Jonathan Tropper
nm2275448	Jake Rodkin
nm2276041	Ross Wilson
nm2280670	Martha Holmes
nm2287772	Aniruddha Roy Chowdhury
nm2288960	Mike Hollingsworth
nm2297407	George Mastras
nm2300053	Tony Grech-Smith
nm2300117	Pan-suk Ahn
nm2300570	J.D. Dillard
nm2310136	Jason West
nm2320725	Ethan Spaulding
nm2321771	Smeep Kang
nm2322229	Sefton Hill
nm2326395	Marty Stratton
nm2326407	Anna Rose Holmer
nm2326979	Larysa Kondracki
nm2336554	Aditya Dhar
nm2337186	Lisa Brühlmann
nm2339782	Murat Dündar
nm2340512	Jean-Michel Tari
nm2341611	Jeff Orlowski
nm2346983	David Firth
nm2347196	Subodh Bhave
nm2347386	Bhaskar
nm2348642	Danny Keller
nm2351144	Sherwin Shilati
nm2351757	Brian Hastings
nm2357454	Elizabeth White
nm2358709	Nathan Fielder
nm2366079	Bob Morley
nm2370510	Paul Gay
nm2375970	Giasuddin Selim
nm2379544	Jonathan E. Steinberg
nm2380484	Onur Saylak
nm2380535	Mike Roberts
nm2389161	Nate Cash
nm2403495	Samuel Donovan
nm2406154	Daniel Ribeiro
nm2406731	Bryan Fogel
nm2408871	Pamela Romanowsky
nm2418646	Peter Merryman
nm2425648	David Warren
nm2441828	Tameem Antoniades
nm2442354	Jack Clough
nm2444148	Patrick Osborne
nm2451007	Erin Feeley
nm2452457	Bret Robbins
nm2474524	Sunil Hall
nm2480587	Charles Ferguson
nm2485374	Rebecca Addelman
nm2485654	Chandra Siddhartha
nm2492938	Greg Strasz
nm2493380	Patrice Désilets
nm2513556	Zahir Raihan
nm2520000	Hassan Fathi
nm2525350	Steve Dildarian
nm2551334	Sylvain Bernard
nm2553744	Adam Smith
nm2557565	Sarmad Sultan Khoosat
nm2559488	Deva Katta
nm2572228	Jeethu Joseph
nm2572549	Jenova Chen
nm2573954	Miguel Gonçalves Mendes
nm2580039	Tae-gon Lee
nm2588606	Steve McQueen
nm2594425	Dave Anthony
nm2594467	Glenn Amonitti
nm2596818	Jun Shishido
nm2609716	Tauquir Ahmed
nm2610231	Zal Batmanglij
nm2629370	Jason Hehir
nm2660452	Stig Asmussen
nm2691857	John Hayes
nm2694309	Louie Psihoyos
nm2696899	Lizz Zanin
nm2716176	Shoaib Mansoor
nm2745490	Nina Lopez-Corrado
nm2751807	Michael Matteo Rossi
nm2755490	Amitabh Reza Chowdhury
nm2767894	Mathijs de Jonge
nm2801867	Katsura Hashino
nm2829542	Paul Dugdale
nm2840922	Konrad Tomaszkiewicz
nm2841224	Adam Badowski
nm2847370	Lisa Joy
nm2853516	Leslye Headland
nm2879822	Peter Joseph
nm2881024	Angshuman Ghosh
nm2899487	Namal Jayasinghe
nm2912775	Jesús Colmenar
nm2928500	Tae You Chang
nm2929021	Dawn Porter
nm2931325	Casey Neistat
nm2936581	Karishma Kohli
nm2965282	Brian Welsh
nm2973719	Benoit Richer
nm2975950	Umesh Vinayak Kulkarni
nm2980507	Alexis Ostrander
nm2994351	David Speyrer
nm2998392	Andy Coyle
nm3021346	Jérémy Clapin
nm3029499	Aanand Mahendroo
nm3072625	Neel Guha
nm3095000	Patrick McManus
nm3109770	Neeraj Pandey
nm3112470	Will Sharpe
nm3117334	Jenner Furst
nm3123304	Nikoloz Khomasuridze
nm3125271	Shashant Shah
nm3131921	Brian Allgeier
nm3133017	Mehmet Ada Öztekin
nm3156269	Michael Lennox
nm3159991	Edvins Snore
nm3171782	Her-Long Lin
nm3181354	Cherie Gierhart
nm3193813	Sam Blair
nm3205815	Anne Sewitsky
nm3212856	Daniel Sandu
nm3219913	Tim Rauch
nm3227090	Damien Chazelle
nm3235877	Ana Lily Amirpour
nm3240319	Curt Morgan
nm3250747	Anjali Menon
nm3252853	Selçuk Aydemir
nm3268280	Allan Ungar
nm3272471	Kunio Kato
nm3277531	Destiny Ekaragha
nm3285219	Lewis Arnold
nm3286970	Gabriel Correa
nm3294913	Bing Liu
nm3298114	Gordon Smith
nm3303929	Michael Rossato-Bennett
nm3340250	Boris Malagurski
nm3371095	Monty Oum
nm3375621	Dario Russo
nm3377111	Hatem Ali
nm3393440	Carl Tibbetts
nm3407375	Tom Green
nm3437361	Tom George
nm3446789	Ahmet Katiksiz
nm3453283	Dan Kwan
nm3462170	Qaushiq Mukherjee
nm3482115	Ed Charles
nm3511117	Yu In-sik
nm3513341	Kate Herron
nm3521871	Gillian Robespierre
nm3524177	Sujay Dahake
nm3525879	Mahesh Narayan
nm3529553	Alon Zingman
nm3580984	Brian Limond
nm3586222	Thiagarajan Kumararaja
nm3591496	Ram
nm3612924	Yoon-jeong Lee
nm3618781	Mostofa Sarwar Farooki
nm3642647	Paresh Mokashi
nm3652021	Meera Menon
nm3690941	JC Gonzalez
nm3714073	David Hourrègue
nm3734948	Abhishek Sengupta
nm3745186	Aditya Kripalani
nm3754410	Shekhar S. Jha
nm3758453	Radha Krishna Jagarlamudi
nm3759199	Martin Billany
nm3761121	Daniel Lucchesi
nm3778704	Oskars Rupenheits
nm3792294	Simerjit Singh
nm3796645	Tolga Karaçelik
nm3797575	Srijit Mukherji
nm3809021	Alper Caglar
nm3833881	Matthew B. Roberts
nm3834604	Regan Hall
nm3859342	Lijo Jose Pellissery
nm3915542	Orlando von Einsiedel
nm3932593	Ankush Bhatt
nm3936422	Danny Ramirez
nm3960250	Ohkata
nm3966426	Atsuko Ishizuka
nm3993149	Gippy Grewal
nm3999979	Koichi Hayashida
nm4043787	Seren Yüce
nm4048013	Peter Richardson
nm4049300	Julie Andem
nm4074404	Leigh Janiak
nm4093647	Anup Bhandari
nm4101572	Ülkü Oktay
nm4138958	Antoneta Kastrati
nm4143696	Arnt Jensen
nm4143969	Zak Levitt
nm4148549	Soori
nm4190073	Heath Cullens
nm4199426	Myshkin
nm4209977	Woo-chul Shin
nm4240055	Steve Hoover
nm4242320	C. Prem Kumar
nm4251943	Kenta Motokura
nm4253804	Rebecca Gitlitz
nm4254419	Nabwana I.G.G.
nm4270728	Jin Hyuk
nm4274575	Vetrimaaran
nm4297891	Thomas Johnson
nm4303133	Shalom Kolontarov
nm4316847	Paul Hellquist
nm4318159	Nitesh Tiwari
nm4359456	Imre Azem
nm4385546	Jamie Donoughue
nm4408257	Troy Wagner
nm4414683	Kris Smith
nm4416936	Steven Bender
nm4428414	Rob Heironimus
nm4437136	Dzintars Dreibergs
nm4446305	Nic Pizzolatto
nm4479803	Steve Rogers
nm4541465	Olan Rogers
nm4549849	Pippa Bianco
nm4563405	Putrama Tuta
nm4579146	Matt Lang
nm4584004	Dileesh Pothan
nm4604194	Siddharth Sengupta
nm4624887	Eung-bok Lee
nm4702485	Sam Deats
nm4737195	Alphonse Puthren
nm4751808	Clint Walker
nm4774823	Derek Ahonen
nm4784536	Neeraj Ghaywan
nm4798740	Matt Johnson
nm4810691	Kosuke Yabuki
nm4824763	Thea Sharrock
nm4830788	Fredi Devas
nm4842969	Mohamed Shaker
nm4863798	Chun-Yang Lin
nm4890526	Aarambhh M Singh
nm4912259	Toby Fox
nm4941469	Alice Seabright
nm4945419	Stacie Passon
nm4994462	Anik Datta
nm5008241	Abhishek Jain
nm5056902	Tharun Bhascker Dhaassyam
nm5078817	Aaron K. Carter
nm5083564	Phil Augusta Jackson
nm5099464	Magizh Thirumeni
nm5107569	Matt Braly
nm5120912	Ajay Bahl
nm5123960	G. Suzuki
nm5143231	Yôichi Fujita
nm5222245	Hong-sun Kim
nm5237694	Pawan Kumar
nm5289825	Daniel Schmidt
nm5313007	Sung-Yoon Kim
nm5326250	Anurag Singh
nm5339365	Raam Reddy
nm5366274	Karthik Subbaraj
nm5378297	Jai Basantu Singh
nm5403089	Masato Maeda
nm5409154	Balaji Tharaneetharan
nm5424363	Erik Johnson
nm5460792	Shashank Bali
nm5497092	Péter Vácz
nm5507823	Joon Hwa Park
nm5514695	Amy York Rubin
nm5551047	Won Suk Kim
nm5569371	Ashraf Ismail
nm5571371	Aaron Long
nm5579304	Felix Kjellberg
nm5582157	Won-ho Shin
nm5590177	Jamie M. Dagg
nm5616219	Nagraj Manjule
nm5616300	Sultana Siddiqui
nm5644130	Ralph Sepe
nm5645455	Nag Ashwin
nm5650589	Nalan Kumarasamy
nm5659625	Will Byles
nm5663366	Lachezar Avramov
nm5669454	Stojce Stoleski
nm5711202	Lee Na-Jeong
nm5741914	Chris Stuckmann
nm5756214	Rakshit Shetty
nm5804517	Mollie Helms
nm5807544	Hyun Jong Oh
nm5820154	Ilya Naishuller
nm5838748	Jung Hyo Lee
nm5851640	Sotiris Tsafoulias
nm5939217	Johnpaul George
nm6044360	Ravikanth Perepu
nm6073824	Prashanth Neel
nm6138551	Leninbharati
nm6142895	Rishab Shetty
nm6151553	Ashir Azeem
nm6213280	Daniel Gabriel
nm6229968	Soubin Shahir
nm6266954	Dae Yoon Jung
nm6314299	Arturs Lapinskis
nm6342209	Davey Wreden
nm6420518	Amrit Raj Gupta
nm6425711	Manu Ashokan
nm6425987	Akshay Choubey
nm6436658	Ashwiny Iyer Tiwari
nm6442107	Ram Kumar
nm6473311	Bharat Kukreti
nm6474441	H. Vinoth
nm6563433	Yoo Je Won
nm6570372	Joshua Widgren
nm6576552	Midhun Manuel Thomas
nm6595608	Jeff Kay
nm6598224	Pulkit
nm6610412	Mark Devries
nm6653438	Adrian Brown
nm6653584	Julien K. d'Arsyn
nm6717590	M. Manikandan
nm6721127	Yeong-Hoon Cha
nm6762586	Adnan Sarwar
nm6777259	James Bowman
nm6836470	Mahi v Raghav
nm6856823	Chris Delforce
nm6911445	Haseeb Hasan
nm6960728	Prem Mistry
nm7025636	Ahson Talish
nm7052643	Alistair Hope
nm7059859	Abraham Joffe
nm7186336	Christina Kyi
nm7249446	Wajahat Rauf
nm7270570	Gil Ho Ahn
nm7373491	Vijay Kumar
nm7402819	Raghav Subbu
nm7450138	Masahito Kobayashi
nm7550963	István Zorkóczy
nm7578157	Ishaan Randeria
nm7618090	Aaron Biebert
nm7630832	Krishnadev Yagnik
nm7687350	Adam Johnston
nm7700532	Rob Sullivan
nm7725433	Rebecca Stern
nm7842983	Tim Longo
nm7920254	Saeed Roustayi
nm7954541	Ian Carter
nm7958316	Madhu C. Narayanan
nm7966384	Vivienne Medrano
nm7973071	Chaitanya Kumbhakonum
nm7992231	Lokesh Kanagaraj
nm8120704	Dipendra K. Khanal
nm8213105	Shady El-Fakharany
nm8217935	Liesl Tommy
nm8273413	Arun Prabhu Purushothaman
nm8384629	Siddharth Vasani
nm8423987	Jagdeep Sidhu
nm8520373	Michael A.L. Fox
nm8567471	Michelle Nelson
nm8589259	Choong-Hwan Oh
nm8631915	Can Ulkay
nm8649798	Shûhei Yabuta
nm8678191	Karthick Naren
nm8696061	Narthan
nm8766376	Shinya Iino
nm8789088	Kadri Beran Taskin
nm8952054	Sizil Srivastava
nm9004217	Tim Scanlan
nm9135703	Darling Krishna
nm9140277	Slaheddine Essid
nm9204865	Nithilan
nm9220261	Ozer Feyzioglu
nm9227039	Sandeep Reddy Vanga
nm9284362	Maha Venkatesh
nm9313483	Lakmal Darmarathna
nm9385727	Saandeep Patel
nm9386232	Zakariya Mohammed
nm9450602	Gowtam Tinnanuri
nm9587614	Simarpreet Singh
nm9630405	Brandon Eric Kamin
nm9634132	Hemanth M. Rao
nm9726737	Patrick Methe
nm9774878	Perelandra Beedles
